title,vote_average,vote_count,revenue,keywords
Five Nights at Freddy's,7.374,4708,297242145,"night shift, child murder, restaurant, custody battle, child in peril, security guard, based on video game, evil child, duringcreditsstinger, troubled past, child neglect, haunted attractions, animatronic, abandoned building, brother sister relationship, supernatural horror, child abduction, admiring, amused, horrified, vibrant, android horror, suspense mystery, youtubers"
My Fault,7.765,3939,0,"first time, forbidden love, stepbrother, female protagonist, underage sex, stepsister, disturbed, based on young adult novel, enemies to lovers, passion and romance, car, disapproving, disgusted, step-sibling romance"
The Super Mario Bros. Movie,7.602,10116,1362000000,"gorilla, plumber, villain, anthropomorphism, magic mushroom, based on video game, toad, aftercreditsstinger, duringcreditsstinger, damsel in distress, piano, brother brother relationship, illumination, 3d animation, evil king"
The Family Plan,7.243,1719,0,"road trip, on the run, gamer, car salesman, las vegas, duringcreditsstinger, hidden identity, family trip, ex army, family bonding, buffalo, new york, teenager, secrets, optimistic, former assassin, physical therapist, covert assassin"
Fast X,7.013,6121,704709660,"sequel, revenge, betrayal, racing, family, cliffhanger, cars, bold, ominous"
Barbie,6.942,10522,1447138421,"feminism, satire, patriarchy, social satire, based on toy, female protagonist, fish out of water, womanhood, doll, fantasy world, motherhood, existentialism, woman director, mother daughter relationship, adventure comedy, gender discrimination, secret world, audacious, sarcastic, sympathetic, fantasy comedy"
Spider-Man: Across the Spider-Verse,8.338,8078,690897910,"new york city, hero, sacrifice, superhero, villain, portal, based on comic, sequel, romance, alter ego, alternate dimension, parenting, family, alternate version, super power, brooklyn, new york city, superhero team, spider bite, super villain, cliffhanger, teenage romance, young heroes, teen superhero, teen social issues, chelsea, alternate universe, superhero teamup, female superhero, slow burn romance, interdimensional travel"
Oppenheimer,8.044,11042,952000000,"husband wife relationship, based on novel or book, atomic bomb, patriotism, new mexico, world war ii, atomic bomb test, physics, biography, based on true story, antisemitism, interrogation, guilt, historical event, nuclear weapons, communism, red scare, mccarthyism, top secret project, moral dilemma, usa politics, 1940s, 20th century, manhattan project, los alamos"
John Wick: Chapter 4,7.716,7517,440157245,"new york city, martial arts, berlin, germany, hitman, sequel, organized crime, osaka, japan, blindness, aftercreditsstinger, hunted, consequences, aggressive, professional assassin, neo-noir, suspenseful, tense, exhilarated, pretentious, japanese mafia, japan style, located in japan"
After Everything,6.889,966,10644463,"alcohol, lisbon, portugal, writer's block, sequel, love, author, wedding, anger, social media, troubled past, dysfunctional relationship, based on young adult novel, fanfic, loss and grief"
Rascal Does Not Dream of a Sister Venturing Out,7.6,48,0,"supernatural, sequel, anime, japanese high school, based on light novel"
End of Loyalty,5.4,7,0,"best friend, crime family, retribution, family rival, violence"
Mission: Impossible - Dead Reckoning Part One,7.515,4758,571125435,"mask, race against time, mission, rome, italy, chase, secret mission, spy, fake identity, secret agent, sequel, intelligence agency, secret government organization, infiltration, fictional government agency, rogue agent, government agency, based on tv series, suspenseful, witty, action"
Daniel Brühl: Breaking Bad,3.5,2,0,"movie business, hollywood star, portrait of an artist"
Elemental,7.592,5054,496444308,"fire, earth, computer animation, duringcreditsstinger, elements, water, city, lighthearted, romantic, whimsical, hopeful"
Migration,7.374,2140,298776052,"duck, villain, migration, flight, anthropomorphism, family, animals, chef, overprotective father, illumination, bird"
Operation Fortune: Ruse de Guerre,6.471,1781,48983306,"martial arts, london, england, showdown, madrid, spain, espionage, spy, secret agent, shootout, cannes, france"
A Haunting in Venice,6.584,2658,121400000,"based on novel or book, venice, italy, loss of loved one, detective, medium, grief, whodunit, investigator, guilt, novelist, post world war ii, murder investigation, ghost, séance, mysterious, murder mystery, spiritism, halloween night, palazzo, retired detective"
The Flash,6.622,4785,271333313,"hero, secret identity, superhero, time travel, based on comic, superhuman, super power, aftercreditsstinger, butterfly effect, dc extended universe (dceu), superhuman abilities, loss of mother, admiring"
Indiana Jones and the Dial of Destiny,6.527,3889,383963057,"melancholy, treasure hunt, ancient rome, sequel, flashback, knife fight, archaeologist, adventurer, 1960s, nazi germany, action adventure, bold"
Guy Ritchie's The Covenant,7.729,2971,21948551,"rescue, ambush, interpreter, afghanistan, afghanistan war (2001-2021), war, exhilarated"
Leave the World Behind,6.38,2997,0,"based on novel or book, blackout, crisis, vacation, deer, apocalypse, armageddon, family, social issues, desperate, anxious, psychological, slow burn, house rental, disheartening, frightened, chilling"
Guardians of the Galaxy Vol. 3,7.932,7822,845550000,"hero, superhero, melancholy, mad scientist, based on comic, sequel, superhero team, space opera, raccoon, aftercreditsstinger, duringcreditsstinger, marvel cinematic universe (mcu), hopeless, cosmic, outer space, chosen family, lighthearted, hilarious, cheerful, disheartening, empathetic, enthusiastic, euphoric, hopeful, straightforward, sympathetic"
Burning Betrayal,6.281,224,0,based on novel or book
Transformers: Rise of the Beasts,7.198,5096,441381193,"peru, alien, end of the world, based on toy, robot, duringcreditsstinger, 1990s, brother brother relationship"
The Little Mermaid,6.288,3197,569626289,"witch, mermaid, musical, based on fairy tale, live action remake"
Una mano bajo la nieve y otras historias,0.0,0,0,"musical, anthology, romance, nature, family conflict, social issues, relationships, documentary, latinx, fiction, drama"
When the Waves Are Gone,7.0,7,0,philippines
Expend4bles,6.1,1778,37917985,"sequel, nuclear bomb, cargo ship, ring"
There's Something in the Barn,6.146,209,1295585,"elves, holiday, dark comedy, barn, norway, family relationships, survival, snow, survival horror, farm house, christmas, survive, norwegian folklore, old barn, northern norway"
Chicken Run: Dawn of the Nugget,7.0,841,0,"rescue, chicken, villain, sequel, heist, stop motion, animals, reboot, claymation, plasticine, witty, arrogant, feel-good, rousing"
The Equalizer 3,7.294,3491,191067560,"italy, investigation, organized crime, vigilante justice, dramatic, suspenseful, italian mafia, horrified, mean spirited, violent"
The Three Musketeers: D'Artagnan,6.93,1334,31843086,"sword, musketeer, 1620s, three musketeers"
Poor Things,7.656,5128,117607117,"ship, london, england, experiment, paris, france, based on novel or book, obsession, lisbon, portugal, crooked lawyer, love, domestic abuse, female protagonist, doctor, prostitution, cruelty, scientist, masturbation, disfigured face, sexual awakening, exploring sexuality, sex worker, female empowerment, curious, female sexuality, brain transplant, absurdism, quest for knowledge, spousal abuse, women's liberation, alexandria egypt, victorian era, quest for identity, frankenstein, body horror, amused, melodramatic, wry"
The First Day of My Life,6.711,158,0,suicide thoughts
Murder Mystery 2,6.391,1874,0,"new york city, paris, france, bomb, kidnapping, married couple, interpol, ex-cop, sequel, whodunit, wedding, private detective, nypd, tropical island, eiffel tower, paris, ransom demand, maharajah, french police, indian wedding, casual, friend's wedding, mystery, arc de triomphe"
Wonka,7.05,4139,634502312,"chocolate, musical, prequel, nostalgic, duringcreditsstinger, cartel"
Rebel Moon - Part One: A Child of Fire,6.235,2430,0,"rebellion, space war, space, female protagonist, militarism, space opera, family values, authoritarianism, space adventure, action hero, female warrior, political crisis, alien spaceship, super hero girls, space vessel, awestruck"
Batman: The Doom That Came to Gotham,6.7,239,0,"superhero, cult, based on comic, mad doctor, demon, supernatural creature, explorer, masked vigilante, masked superhero, ancient evil, magic book"
The Marvels,5.959,3173,206136825,"hero, superhero, space travel, based on comic, sequel, teenage girl, aftercreditsstinger, duringcreditsstinger, marvel cinematic universe (mcu), woman director, space adventure, absurd, foreboding"
"Justice League x RWBY: Super Heroes & Huntsmen, Part Two",6.458,47,0,"superhero, super power, 3d animation"
World's First Christmas,7.5,18,0,"wish, wish fulfillment, christmas"
The Boy and the Heron,7.415,2408,294200000,"loss of loved one, world war ii, education, coming of age, spirituality, poverty, teenage boy, parallel world, troubled childhood, semi autobiographical, based on myths, legends or folklore, moving to a city, 1940s, anime, imaginative, hand drawn animation, magic world, animation, courage, suspenseful, magical realism"
Louise Attaque aux Francofolies,8.0,2,0,concert
Aquaman and the Lost Kingdom,6.563,3293,440181226,"superhero, secret society, half-brother, sequel, revenge, dysfunctional relationship, dc extended universe (dceu), ancient evil, underwater world, vengeance, brother brother relationship"
"Miraculous: Ladybug & Cat Noir, The Movie",7.617,930,40208268,"paris, france, superhero, musical, interracial romance, teen superhero"
Monster,7.935,792,0,"friendship, japan, bullying, elementary school, coming of age, school, teacher student relationship, childhood, lgbt, childhood friends, multiple perspectives, masculinity, kids, somber, philosophical, mother son relationship, gay theme, boys' love (bl), lgbt child, adoring"
Evil Dead Rise,6.919,3453,147156372,"sibling relationship, pregnancy, earthquake, gore, sequel, los angeles, california, demon, evil, necronomicon, reboot, demonic possession, motherhood, sisterhood, sister sister relationship, mischievous, body horror, apartment, lovecraftian, furious, tense, intense, harsh"
Ghosted,6.909,2059,0,"central intelligence agency (cia), secret mission, secret agent, female spy, enigmatic, farmer's market, save the world"
Maa Guruvu Bharathiraja Ki Jathakam Cheppadam Kuda Telusu,0.0,0,0,"documentary filmmaking, vlog, documentary, documentary short"
A Zest For Death: A Hannah Swensen Mystery,7.294,17,0,"based on novel or book, sequel, murder, murder mystery, suspense, mystery"
Tiger 3,5.7,53,56490000,intense
Gran Turismo,7.735,3190,121700000,"sports, based on true story, racing, based on video game, nostalgic, duringcreditsstinger, inspirational, joyous, powerful, vibrant"
Story Ave,5.4,12,59000,"graffiti, bronx, new york city, independent film, south bronx"
You Are So Not Invited to My Bat Mitzvah,6.4,476,0,"based on novel or book, bar mitzvah, coming of age, teenage girl, middle school, jewish girl, jewish family, teen drama, sisterhood, teenager"
Diary of a Wimpy Kid Christmas: Cabin Fever,6.6,84,0,"based on novel or book, video game, sequel, coming of age, blizzard, christmas"
Anyone But You,6.833,2818,214891370,"australia, hiking, romcom, based on play or musical, law school, shakespeare in modern dress, aftercreditsstinger, duringcreditsstinger, fake dating, destination wedding, sister's wedding"
The Nun II,6.664,2365,269670590,"france, nun, halloween, bullying, sequel, priest, religion, church, demon, gothic horror, demonic possession, praying, duringcreditsstinger, 1950s, demonic, girls' school, convent, the conjuring universe"
The Thing Behind The Door,5.7,23,0,"black magic, grief, 1910s"
The Last Voyage of the Demeter,6.755,1832,21600000,"ship, monster, based on novel or book, sacrifice, vampire, supernatural, gothic horror, supernatural horror, dracula, 1890s"
"Les Enfoirés 2023 - Enfoirés un jour, toujours",7.8,4,0,"concert, benefit concert, farewell concert, french music, music show, musical adaptation"
Trolls Band Together,7.3,945,209646030,"pop star, brother, musical, sequel, based on toy, troll, duringcreditsstinger, reunite, sister sister relationship, brother brother relationship, jukebox musical"
Michel Gondry: Do It Yourself,7.9,5,0,"cinema on cinema, biography, portrait of an artist, portrait of a filmmaker, european cinema"
The Hunger Games: The Ballad of Songbirds & Snakes,7.001,3290,337371917,"daughter, based on novel or book, arena, fight, mentor, dystopia, riot, exploration, president, prequel, survival, murder, snow, creature, battle, fight to the death, young adult, origin story, based on young adult novel, death game, teenager"
Godzilla Minus One,7.592,2905,113676322,"monster, loss of loved one, giant monster, kamikaze, duty, atomic bomb test, radioactivity, naval combat, reboot, kaiju, macabre, duringcreditsstinger, post war japan, 1940s, naval battle, naval battleship, survivor's guilt, found family, godzilla, war orphan, tokusatsu, monster horror"
My Big Fat Greek Wedding 3,5.917,211,34900000,"wedding, greek-american restaurant, traditional family"
The End We Start From,5.818,118,604830,"mother, london, england, based on novel or book, dystopia, flooding, survival, fleeing, ecological disaster, suspenseful, sci-fi, post-apocalyptic"
The Retirement Plan,6.0,303,0,"cayman islands, mobster, estranged father, protective father, ex spy, father daughter relationship"
Abenteuer Weihnachten – Familie kann nie groß genug sein,5.0,5,0,"family, christmas"
Identity Crisis,4.8,5,0,"teen comedy, college student, human clone, independent film"
A Greyhound of a Girl,6.5,26,0,"based on novel or book, road trip, mother daughter relationship, grandmother granddaughter relationship, multi generational"
Dusk for a Hitman,5.729,24,0,"hitman, montreal, canada"
Have You Got It Yet? The Story of Syd Barrett and Pink Floyd,7.5,19,0,"interview, biography, hard rock, archive footage, psychedelic rock, music documentary, rock, pink floyd, syd barrett"
A Cat's Life,6.7,28,0,cat
Dungeons & Dragons: Honor Among Thieves,7.333,4263,208200000,"platonic love, gang of thieves, dragon, role playing game, heist gone wrong, wizard, duringcreditsstinger, father daughter relationship, wizardry, hilarious"
"Red, White & Royal Blue",7.9,1463,0,"based on novel or book, politics, prince, royal family, royalty, lgbt, gay theme, gay relationship, enemies to lovers, boys' love (bl), appreciative"
The Last Kingdom: Seven Kings Must Die,7.234,773,0,"fight, kingdom, heir to the throne, battle for power, vikings (norsemen), crown, king, battle, death of king, invaders, northumbria, 10th century, heirs"
Top Gunner: America vs. Russia,4.9,7,0,"blasphemy, fighter pilots"
Meg 2: The Trench,6.405,3793,384056482,"based on novel or book, deep sea, sequel, underwater, shark, kaiju, civil action, animal horror, mariana trench, environmental crisis, shark cage, megalodon"
Brave Citizen,7.431,94,2116112,"secret identity, female fighter, female teacher, anti-bullying, female superhero, based on webcomic or webtoon, south korean"
Scream VI,6.971,2954,168961389,"mask, new york city, trauma, halloween, college, fake identity, sequel, conspiracy theory, revenge, public murder, murder, social commentary, serial killer, police corruption, slasher, whodunit, multiple stabbings, brutality, killing spree, self-referential, crime spree, aftercreditsstinger, movie fan, copycat killer, generation z, fbi agent, ridiculous"
"Justice League x RWBY: Super Heroes & Huntsmen, Part One",7.0,115,0,"superhero, super power, 3d animation"
All of Us Strangers,7.414,940,14864960,"london, england, based on novel or book, isolation, screenwriter, gay club, surrealism, nostalgia, alcoholism, love, grief, loneliness, neighbor, memory, childhood home, death, magic realism, high rise, tower block, lgbt, record player, drunkenness, christmas, metaphysical, father son relationship, mother son relationship, gay theme, independent film, apartment, death of parents, depressing, dorking, england, queer loneliness"
The Challenge,7.1,44,0,"space mission, international space station (iss)"
The Holdovers,7.657,2241,42513270,"vietnam war, winter, boarding school, holiday, boston, massachusetts, 1970s, alcoholism, grief, misfit, mental illness, teacher student relationship, new england, boys' boarding school, christmas, winter break, troubled youth, loss of son, playful, intimate, christmastime, cook, sentimental"
Saltburn,6.965,2723,21013738,"suicide, karaoke, obsession, country house, maze, college, dark comedy, birthday party, university, bathtub, lust, gothic, mental illness, lgbt, mental health, bisexual man, eating disorder, woman director, oxford university, family estate, alcohol problems, self-harm, suicide investigation, 2000s, gay theme, boys' love (bl)"
Killers of the Flower Moon,7.41,3864,158722599,"husband wife relationship, based on novel or book, war veteran, fbi, greed, oklahoma, manipulation, native american, based on true story, murder, racism, series of murders, genocide, period drama, courtroom, guilt, true crime, oil industry, death of sister, catholicism, uncle nephew relationship, catholic guilt, 1920s, candid, grim, colonization, osage indian, gullibility, poisoning, complex, diabetes, revisionist western, cautionary, meta, grand, factual, western, empathetic, harsh, tragic, genocide of indigenous peoples"
Farhana,5.4,5,0,call center
One Day All This Will Be Yours,6.45,10,0,"family reunion, family legacy"
Epic Tails,6.829,126,4834952,"mouse, poseidon, ancient greece"
Haul Out the Holly: Lit Up,6.067,30,0,"holiday, sequel, christmas"
The Long Voyage of the Yellow Bus,9.0,4,0,"experiment, collage, retrospective, filmmaker"
The Girl Who Escaped: The Kara Robinson Story,7.1,113,0,kidnapped
The Fire We've Built,0.0,0,0,"coming of age, gender violence, women"
Suki,4.583,12,0,"beggar, strip club, public sex, female stripping, female rivalry, gay sex"
"Catherine Deneuve, in the eye of the camera",7.3,5,0,"biography, archive footage, old footage, cinema history, portrait of an artist, celebrity interview, famous actress, french actress"
Creation of the Gods I: Kingdom of Storms,7.101,452,369081777,"monster, based on novel or book, mythological beast, high fantasy, physical immortality, chinese mythology"
"Ready, Jet, Go! Space Camp: The Movie",6.8,6,0,"spacecraft, shrinking, black hole, alien monster, space camp, teamwork, humanoid alien"
The Art of Joy by Goliarda Sapienza: Writing for Emancipation,7.0,1,0,"literature, portrait of an artist, controversial book, literature history, grands romans du scandale, italian literature"
Teenage Mutant Ninja Turtles: Mutant Mayhem,7.213,1498,180513586,"new york city, sibling relationship, skateboarding, crime fighter, superhero, turtle, ninja, duringcreditsstinger, playful, aspiring journalist, anthropomorphic animal, lighthearted, sentimental, whimsical, enthusiastic, vibrant"
Past Lives,7.713,2106,28126646,"new york city, immigrant, friendship, nostalgia, woman between two men, interracial marriage, fate, playwright, married woman, childhood friends, semi autobiographical, woman director, korean american, childhood sweethearts, memories, dreary, korean, asian american, independent film, seoul, south korea"
Napoleon,6.317,2920,220597098,"empire, france, general, biography, napoleon bonaparte, based on true story, napoleonic wars, 18th century, 19th century, violence"
No One Will Save You,6.681,1351,0,"isolation, trauma, alien, grief, female protagonist, home invasion, guilt, death of mother, alien attack, reclusive, sci-fi horror"
Wish,6.254,1698,254997360,"friendship, villain, black magic, wish, musical, computer animation, female protagonist, betrayal by friend, aftercreditsstinger, woman director, wicked king, disabled person, evil king, star, corrupt government, hopeful"
Among Wolves,3.944,9,0,"saloon, murder, priest, street shootout, missionaries"
Which Brings Me to You,6.158,177,0,"based on novel or book, romcom"
The Roundup: No Way Out,7.2,506,83410298,"drug crime, police, detective, sequel, incheon, egotistical, bold, celebratory"
Javier Milei: la revolución liberal,3.7,6,0,"politics, biography, argentina, political campaign, presidential candidate, argentinean president, political candidate, libertarian, latin american history, celebrity interview, political documentary, political propaganda"
Book Club: The Next Chapter,6.3,209,27849137,"italy, female friendship, vacation, book club"
No Hard Feelings,6.696,3595,83000000,"friendship, older woman seduces younger guy, romcom, summer, new york state, teen comedy, hometown, bankruptcy, craigslist, animal shelter, socially awkward, uber, late coming of age, nude swimming, graduation party, helicopter parenting"
The Communion Girl,6.0,240,0,"evil puppet, creepy doll, horror mystery, suspense"
When Will It Be Again Like It Never Was Before,5.521,24,0,"coming of age, psychiatric hospital, 1980s"
"Miraculous World: Paris, Tales of Shadybug and Claw Noir",7.2,618,0,"paris, france, superhero, alternative reality, kids, interdimensional travel"
Naughty,6.126,95,0,"young woman, construction, environmentalism, college student, activism, environmental activist, ecologism"
The Making of Indiana Jones and the Dial of Destiny,6.4,12,0,"filmmaking, indiana jones"
Candy Cane Lane,5.999,459,0,"holiday, christmas"
"Étienne Robial, un spécimen de caractère(s)",8.0,1,0,"bookshop, designer, portrait, design, publishing house, televison, graphic design, publishing, typography"
2022 Wimbledon Official Film,0.0,0,0,"sports, tennis, wimbledon"
Phantom,6.9,63,0,"based on novel or book, spy, independence movement, 1930s, korean resistance, japanese occupation of korea"
"Gérard Jugnot, une vie de comédies",7.0,2,0,"biography, aging actor, movie star"
"Muchachos, la película de la gente",8.304,56,0,cine argentino
The Damned Don't Cry,6.05,10,0,"coming of age, lgbt, lgbt teen, closeted homosexual, mother son relationship, gay theme"
Haunting of the Queen Mary,5.336,223,0,"photographer, cruise ship, family tragedy, cruise liner, queen mary"
About My Father,6.1,382,18167819,"chicago, illinois, culture clash, artist, military veteran, boyfriend girlfriend relationship, semi autobiographical, u.s. senator, country club, woman director, eccentric family, hairstylist, wealth differences, rich family, father son conflict, father son relationship, italian immigrant, cheerful, hotelier"
The Young Arsonists,0.0,0,0,woman director
Perfect Days,7.779,1687,24094016,"tree, routine, slice of life, janitor, working class, tokyo, japan, character study, uncle niece relationship, audio cassette, solitude, quest for knowledge, mystical quest, human nature, playful, lighthearted, beauty of life, comforting, enchant"
The Creator,7.025,3593,104272136,"artificial intelligence (a.i.), asia, cyberpunk, robot, space station, kids, ex special forces, missing wife, near future, war against machines, dystopian sci-fi"
Bottoms,6.8,763,12976079,"high school, cheerleader, female friendship, bullying, coming of age, teenage girl, school assembly, high school student, teen comedy, lgbt, sex comedy, duringcreditsstinger, teen anger, jocks, teen social issues, fight club, toxic masculinity, playful, provocative, absurdist humor, absurd, witty, hilarious, amused, defiant, exuberant, sarcastic"
Time for Her to Come Home for Christmas,6.8,13,0,"based on novel or book, based on song, poem or rhyme, christmas"
The Black Demon,5.9,676,0,"shark attack, shark, killer shark, baja california, oil rig , oilman, sharksploitation, tlaloc"
Left Behind: Rise of the Antichrist,4.9,28,3649422,"canada, pilot, cult, the rapture, evangelical christianity, family, religious fundamentalism, religious film, religious propaganda, left behind"
The Show Has Already Started,5.0,1,0,"short compilation, tv special"
Abbé Pierre - A Century of Devotion,6.6,93,0,"biography, community service, kindness, human rights, social documentary, humanitarian, community action, community spirit, social history, humanitarian work, generosity, famous people, abbey, human dignity, community development, community life, figure study"
Il turco in Italia - Teatro Real de Madrid,0.0,0,0,opera
Dungeons & Dragons: Honor Among Thieves,7.333,4263,208200000,"platonic love, gang of thieves, dragon, role playing game, heist gone wrong, wizard, duringcreditsstinger, father daughter relationship, wizardry, hilarious"
Abenteuer Weihnachten – Familie kann nie groß genug sein,5.0,5,0,"family, christmas"
The Nun II,6.664,2365,269670590,"france, nun, halloween, bullying, sequel, priest, religion, church, demon, gothic horror, demonic possession, praying, duringcreditsstinger, 1950s, demonic, girls' school, convent, the conjuring universe"
Through My Window: Across the Sea,6.581,934,0,"based on novel or book, sequel, real life, young couple, love problems"
Brave Citizen,7.431,94,2116112,"secret identity, female fighter, female teacher, anti-bullying, female superhero, based on webcomic or webtoon, south korean"
After Death,7.1,50,11537680,"suicide, afterlife, faith, psychology, docudrama, death, duringcreditsstinger, christian propaganda, christian faith, independent film, docufiction"
Method Sampling: How to Build the Future Together,0.0,0,0,"concert, hip-hop, edinburgh, scotland, modern society, orchestra, oakland, california, wheelchair user   , lgbt, music sampling, mushrooms, korean"
Perfect Days,7.779,1687,24094016,"tree, routine, slice of life, janitor, working class, tokyo, japan, character study, uncle niece relationship, audio cassette, solitude, quest for knowledge, mystical quest, human nature, playful, lighthearted, beauty of life, comforting, enchant"
Pinball: The Man Who Saved the Game,7.046,87,0,"chicago, illinois, new york city, california, new jersey, bookshop, breaking the fourth wall, pinball, writer, single mother, pinball machine, illegal gambling, duringcreditsstinger, moustache, divorced man"
Abducted by My Teacher: The Elizabeth Thomas Story,7.2,20,0,"teacher student relationship, grooming, abducted, abduction, kidnapped, sexual grooming"
Which Brings Me to You,6.158,177,0,"based on novel or book, romcom"
The Roundup: No Way Out,7.2,506,83410298,"drug crime, police, detective, sequel, incheon, egotistical, bold, celebratory"
"Catherine Deneuve, in the eye of the camera",7.3,5,0,"biography, archive footage, old footage, cinema history, portrait of an artist, celebrity interview, famous actress, french actress"
The Fabelmans: A Family in Film,7.045,11,0,"behind the scenes, making of, tv special"
Extraction 2,7.399,2735,0,"assassin, hero, escape, explosive, mercenary, rescue mission, sequel, revenge, survival, based on graphic novel, gritty, violence"
How to Blow Up a Pipeline,6.372,172,882348,"based on novel or book, bomb, winter, texas, climate change, terminal illness, flashback, informant, biting, radical, eco terrorism, lgbt, enviroment, activist, activism, environmental activist, environmental issues, pipeline, provocative, brisk"
Luther: The Fallen Sun,6.642,1030,0,"prison, london, england, kidnapping, blackmail, detective, murder, serial killer, missing person, cybercrime, based on tv series, ice, depressed"
I Know When You Dead: Suicide Village,4.6,5,0,"suicide, based on novel or book, village, mental health, haunted"
Last Summer,6.0,233,1022551,"coming of age, remake, older woman younger man relationship, candid, unfaithful wife, intimate, stepmother stepson relationship, provocative, intense"
Phoenix en concert à We Love Green 2023,0.0,0,0,concert
A Day and a Half,6.3,126,0,"based on true story, road trip, tense"
Sakra,6.443,185,159959,"martial arts, based on novel or book, costume drama"
Flamin' Hot,7.969,780,0,"biography, based on true story, janitor, mexican american, woman director"
The King of Snipers,5.6,10,0,"sniper, assassin, soldier, drugs, drug lord, military, assassination team, guns, snipers, crime"
South Park (Not Suitable for Children),7.418,188,0,"crude humor, social satire, adult animation, macabre, media satire, absurd, parody comedy"
The Three Musketeers: Milady,6.426,771,21730766,"musketeer, 1620s, three musketeers"
Mad About the Boy: The Noël Coward Story,6.4,8,0,"biography, director, theatre"
The Boulet Brothers' Halfway to Halloween TV Special,5.0,2,0,"drag queen, halloween, sketch comedy, variety special"
Abducted by My Teacher: The Elizabeth Thomas Story,7.2,20,0,"teacher student relationship, grooming, abducted, abduction, kidnapped, sexual grooming"
Leo,7.391,1286,0,"midlife crisis, classroom, musical, school, unlikely friendship, bucket list, growing pains, animal human friendship, heartfelt, exhilarated, familiar, feel-good, goofy"
The Last Night of Sandra M.,5.7,23,0,"1970s, actress"
Fate/strange Fake -Whispers of Dawn-,7.9,28,0,"holy grail, historical figure, survival, urban, aftercreditsstinger, anime, based on light novel"
100 Candles Game: The Last Possession,6.3,33,0,"anthology, sequel, demonic possession, horror anthology"
Renaissance: A Film by Beyoncé,8.694,31,44029271,"musician, concert film, music documentary, r&b artist, world tour, beyoncé, beyonce"
You're Not Supposed to Be Here,5.2,8,0,"lesbian relationship, suspicious, lesbian, child abduction, strange town"
The Devil on Trial,5.797,86,0,"exorcism, interview, family drama, docudrama, exorcist, demonic possession, mind possession, amateur footage, criminal trial, crime documentary, spirit possession, informative"
Carrot Cake Murder: A Hannah Swensen Mystery,6.94,25,0,"based on novel or book, sequel"
V/H/S/85,5.7,134,0,"cult, anthology, serial killer, vhs, found footage, 1980s, grim, 1990s, analog, horror anthology, disgusted"
Mavka: The Forest Song,7.149,828,17974964,"based on novel or book, fairy, nature, folklore, based on myths, legends or folklore, mavka, ukrainian folklore, independent film, love vs duty"
A Grammy Salute to The Beach Boys,8.1,8,0,concert
When It Melts,6.7,26,0,"suicide, rape, ice melting, horse, belgium, flanders, teenage rape, hanging, ice block, suicide by hanging, dead horse, forced to strip, woman director, child play, female stripping, dead brother, alcoholic mother, abused, boy girl relationship, ice, return to hometown, come back home, youth, teenager, flemish language film, horse riding, dangerous game"
Lust Stories 2,5.6,51,0,"anthology, love, lust"
The Legacy of J Dilla,0.0,0,0,"hip-hop, musician, detroit, michigan, death of a musician, music producer"
Genshin Impact Full Story Before Fontaine,10.0,1,0,video game
Fetal Position,0.0,0,0,short film
Thanksgiving,6.491,1472,46553280,"small town, sadism, holiday, massachusetts, thanksgiving, dark comedy, riot, plymouth, murder, serial killer, consumerism, slasher, whodunit, aftercreditsstinger, murder spree, teenage killer, black friday, based on short film, holidays, revenge slasher, stalked by a killer, revenge horror, masked killer, teen slasher, holiday horror"
The Making of Chicken Run: Dawn of the Nugget,6.133,15,0,"filmmaking, making of"
Resident Evil: Death Island,7.3,1067,53929,"alcatraz prison, outbreak, zombie, based on video game, survival horror, special agent, anime"
Willow: Behind the Magic,4.1,15,0,"behind the scenes, making of"
Stephen Curry: Underrated,7.6,93,0,"biography, basketball, historical figure, profile, sports documentary, national basketball association (nba), star showcase, sports star, famous people, college basketball"
Roger Waters: This Is Not a Drill — Live from Prague,6.769,13,344523,"concert, prague, czech republic, concert film, farewell tour, music documentary, pink floyd"
R.A.D.A.R.: The Adventures of the Bionic Dog,7.0,25,0,german shepherd
Subspecies V: Blood Rise,4.864,22,0,"transylvania, vampire, coffin, serbia, vampire hunter (slayer), prequel, bucharest, romania, haunted castle, belgrade, stake, human vampire relationship, origin story, monster hunter"
Shazam! Fury of the Gods,6.447,3493,134221819,"superhero, end of the world, super power, aftercreditsstinger, duringcreditsstinger, dc extended universe (dceu), teenager, joyous, amused"
The Eternal Memory,8.0,82,0,"resistance, journalism, alzheimer's disease, love, memory loss, self identity, power of love, dedication, health documentary, documentary, long-married couple, cine chileno"
12.12: The Day,7.477,133,0,"politics, 1970s, coup d'etat, martial law, docudrama, political thriller, korea president, korean army, seoul, south korea, chun doo-hwan, based on real person"
"Serving in Secret: Love, Country, and Don't Ask, Don't Tell",0.0,0,0,"civil rights, military service, institutional discrimination, military veteran, us military, usa politics, veterans, lgbt rights"
Method Sampling: How to Build the Future Together,0.0,0,0,"concert, hip-hop, edinburgh, scotland, modern society, orchestra, oakland, california, wheelchair user   , lgbt, music sampling, mushrooms, korean"
War of the Worlds: The Attack,5.0,187,0,"planet mars, space war, evil alien, planet invasion, alien conspiracy"
The Show Has Already Started,5.0,1,0,"short compilation, tv special"
No Hard Feelings,6.696,3595,83000000,"friendship, older woman seduces younger guy, romcom, summer, new york state, teen comedy, hometown, bankruptcy, craigslist, animal shelter, socially awkward, uber, late coming of age, nude swimming, graduation party, helicopter parenting"
Vikings: Battle of Heirs,6.1,54,0,vikings (norsemen)
About My Father,6.1,382,18167819,"chicago, illinois, culture clash, artist, military veteran, boyfriend girlfriend relationship, semi autobiographical, u.s. senator, country club, woman director, eccentric family, hairstylist, wealth differences, rich family, father son conflict, father son relationship, italian immigrant, cheerful, hotelier"
The Swan Princess: Far Longer Than Forever,5.0,14,0,"princess, family issues"
How to Fall in Love by Christmas,6.0,13,0,"holiday, christmas"
Javier Milei: la revolución liberal,3.7,6,0,"politics, biography, argentina, political campaign, presidential candidate, argentinean president, political candidate, libertarian, latin american history, celebrity interview, political documentary, political propaganda"
The Adventures of Jurassic Pet 2: The Lost Secret,4.8,5,0,dinosaur
Ko Ko Mo en concert au Main Square Festival 2023,10.0,1,0,concert
Jesus Revolution,6.736,161,52300000,"hippie, 1970s, based on true story, aftercreditsstinger, southern california, sentimental, hopeful"
World's First Christmas,7.5,18,0,"wish, wish fulfillment, christmas"
The Many Faces of Jim Carey,7.2,4,0,"biography, hollywood star"
Totally Killer,6.8,1026,0,"halloween, time travel, carnival, serial killer, female protagonist, slasher, woman director, 1980s, mother daughter relationship, meta"
One Summer,7.4,5,0,"priest, church"
Susy: Una vedette en el Congreso,0.0,0,0,"politician, biography, based on true story, extravagant, congresswoman, peruvian history"
Contagion of Fear,6.033,45,0,gas attack
Heart of Stone,6.754,1835,0,"mission, saving the world, undercover agent, undercover, espionage, spy, secret agent, mi6, british spy, female spy"
Il dottore – Ein Arzt fürs Leben,0.0,1,0,doctor
Kelas Bintang - Hot Moms,6.0,25,0,"hot, kelas bintang"
One-Percenter,6.8,13,0,martial arts
The Jungle Bunch: Operation Meltdown,7.1,19,8870834,sequel
The Teacher Who Promised the Sea,7.76,127,2232542,"based on novel or book, professor, biography, teacher, school teacher, schoolteacher, 1930s, teaching children"
Talk to Me,7.145,3510,91959188,"suicide, trauma, possession, female friendship, addiction, grief, female protagonist, death of mother, self mutilation, mental health, dead parent, social media, peer pressure, disembodied hand, generation z, self-harm, supernatural horror, cautionary tale, adelaide australia, body horror, teenager, modern australia"
A House in Jerusalem,5.8,4,1973,"israel, palestine, grief, ghost, dead children, loss of mother"
Ko Ko Mo en concert au Main Square Festival 2023,10.0,1,0,concert
Finally Home: Making Beau is Afraid,10.0,2,0,documentary short
Last Sentinel,5.431,211,0,"dystopia, science fact, science fiction, colony sci-fi, military sci-fi, ambiguous"
172 Days,5.8,32,0,"based on novel or book, biography, based on true story, love, wedding, religious, based on real person"
'Til Death Do Us Part Kourtney & Travis,6.4,8,0,wedding
The Pocket Film of Superstitions,8.0,1,0,"macabre, philosophical, wonder, mischievous, playful, irreverent, joyous, absurd, hilarious, whimsical, bold, celebratory, earnest, hopeful"
Making The Flash: Worlds Collide,3.8,2,0,"behind the scenes, making of"
How She Caught A Killer,6.1,7,0,"murder, serial killer, whodunit, suspicious, mystery, thriller, drama"
Squaring the Circle (The Story of Hipgnosis),7.5,35,0,"designer, record label, cult music band, eccentric artist, music manager, collage film, history and legacy, art documentary, album cover art, historical documentary"
The 12 Slays of Christmas: 2023 Edition,1.25,4,0,"holiday, anthology, christmas, horror anthology, horror"
Seeds of Hunger - Ukraine 1933,7.0,4,0,"communism, starvation, 1930s"
"And the King Said, What a Fantastic Machine",7.235,17,912,"observational documentary, visual language, camera obscura, visual storytelling, camera trick"
Pineapple Pizza and The End of the World,9.0,2,0,"pizza boy, nuclear missile, end of the world, hangover, motel room, drug parties"
Big Sky River: The Bridal Path,7.8,11,0,"based on novel or book, sequel"
Detective Conan: Black Iron Submarine,7.0,132,106771806,"submarine, detective, anime, suspense, mystery"
The Christ of the Skull,6.5,2,0,"swordplay, sword, knight, gothic, dark ages, medieval, sword duel, bloodline, dark, medieval spain, medieval knight, skull, blood, dark action, horror, surrealist horror"
Sniper: G.R.I.T. - Global Response & Intelligence Team,6.523,175,0,admiring
Faceless After Dark,5.2,13,0,"fan, clown, feminist, slasher, obsessed fan, held hostage, killer clown, scream queen, phone call, horror fans, convention, fandom, copycat killer, queer, queer horror, meta, horror convention, kidnapped, actress"
Napalm Girl. The Journey of a Photo,9.0,1,0,history
To End All War: Oppenheimer & the Atomic Bomb,7.737,224,0,"usa president, war crimes, atomic bomb, world war ii, interview, atomic bomb test, biography, hiroshima, japan, little boy, archive footage, carpet bombing, nuclear weapons, ethical dilemma, 1920s, 1940s, old footage, semi-biographical, 1900s, nagasaki, manhattan project, hiroshima and nagasaki bombings, harry s. truman, nagasaki, japan, crimes against civilians, atomic bomb littleboy"
Blue Beetle,6.7,2968,130788072,"armor, superhero, family relationships, family, high tech, job hunting, mexican american, aftercreditsstinger, duringcreditsstinger, immigrant family, college graduate, dc extended universe (dceu), alien technology, brother sister relationship, latino"
Il était une fois... les Contes pour tous,7.0,1,0,"interview, nostalgic, edited from tv series, tv series reunion, youth film, based on tv series, documentary, family documentary, historical documentary, nostalgic memory"
After Work,6.2,5,0,"philosophy, money, work ethic"
The Last Wife,7.0,9,4000000,"historical drama, 19th century, historical romance, 1800s, romantic drama, cruel"
The Adventures of Jurassic Pet 2: The Lost Secret,4.8,5,0,dinosaur
Little Bone Lodge,6.552,115,0,"mother, scotland, brother, lodge, family secrets, hostage-taking, family clan, fugitive, storm, criminal, held captive, family in peril, isolated farmhouse, stormy night, dark secret, highlands, matriarch, scottish highlands"
Let's Get Lost,4.583,12,0,"sense of life, forest, family, liberty, job"
Enter the Clones of Bruce,7.95,10,0,"kung fu, bruceploitation, brucesploitation, bruce lee"
Reptile,6.671,1126,0,"infidelity, puzzle, murder, task force, new england, real estate agent, police psychologist, questioning, police drama, policial, provocative, suspenseful, admiring, awestruck, pretentious"
Love Again,6.7,446,10000000,"new york city, journalist, based on novel or book, illustrator, artist, text messaging, based on movie, grieving, duringcreditsstinger, death of fiancé, music critic, children's author, unexpected romance, confess feelings, loss and grief"
Knights of the Zodiac,6.311,1249,7000000,"fighter, superhero, mythology, training, reincarnation, goddess, knight, orphan, based on manga, super power, nostalgic"
Glitch: The Rise & Fall of HQ Trivia,6.625,13,0,"downfall, corporate world, business start-up, failed business, documentary, corporate documentary, corporate downfall"
"Le Baron et l'Empereur : Japon, la voie de la guerre",8.0,2,0,"japan, china, world war i, nationalism, world war ii, minister, kamikaze, manchuria, based on memoir or autobiography, counselor, pacifist, archive footage, militarism, colonialism, japanese army, imperial japan, 1920s, 19th century, imperialism, 1910s, 1930s, treaty of versailles, history of japan, battle of shanghai, early republican china, shōwa era (1926-89), militarization, غروب الإمبراطورية اليابانية"
Moon Garden,6.29,31,0,"coma, family drama, dreamworld"
Nam June Paik: Moon Is the Oldest TV,6.9,8,54093,"video art, video artist"
Carl's Date,7.465,431,0,"date, love, dog, short film"
Rosamunde Pilcher: Wenn ich dich wiederfinde,6.2,2,0,based on short story
Rendszerhiba - A magyar film el nem mondott története,7.0,1,0,"politics, hungary, filmmaking, culture"
All Up in the Biz,10.0,1,0,music documentary
Do Not Expect Too Much from the End of the World,7.0,103,92360,"satire, misogyny, internet culture, workplace comedy, workplace fatalities, late stage capitalism, workplace harassment, tiktok"
The Wandering Earth II,7.28,674,5,"space travel, space station, earth in peril, global threat, giant engine, global government, admiring"
Insidious: The Red Door,6.528,1881,189086877,"sequel, demon, insidious, malicious, supernatural horror, evil spirits, fifth part, sinister"
70 Jahre Annemarie Moser-Pröll – Ein Leben als Wintermärchen,0.0,0,0,"sports, ski alpin"
The Revenge of Bernadette Chirac,7.5,2,0,"france, charity, interview, deceived wife, first lady, female politician, fundraising, correze, french politics, testimony"
Back on the Strip,5.6,34,0,"male stripper, duringcreditsstinger, gay interest"
WAR IS OVER!,6.4,38,0,"chess, based on song, poem or rhyme, carrier pigeon, short film, war"
The Marsh King's Daughter,6.393,363,0,"based on novel or book, angry, baffled, bewildered, derogatory, disapproving"
Seeing Through the Mists of Oblivion,0.0,0,0,"paris, france, wormhole, apocalypse, underwater, consciousness, found footage, collage film, experimental narrative, stream of consciousness, avant garde"
Io Capitano,7.799,784,0,"africa, europe, migration, senegal, migrant, dakar"
Christmas on Windmill Way,5.8,59,0,"holiday, christmas"
Festival Interceltique de Lorient - Le Grand Spectacle,10.0,1,0,celtic music
The Universal Theory,6.0,45,561322,"narration, jazz singer or musician, black and white, pianist, swiss alps, avalanche, 1960s, multiverse"
1521: The Quest for Love and Freedom,1.5,4,0,magellan
A View To Kill For,5.6,9,0,mansion
Society of the Snow,7.982,3326,1281,"rescue, friendship, based on novel or book, prayer, 1970s, brotherhood, based on true story, rugby, uruguay, struggle for survival, mountain climbing, inspiring, andes mountains, historical drama, plane crash, dark, cannibalism, ensemble cast, cine uruguayo, wilderness survival"
Life Inside the Seed,9.0,2,0,"life in a day, independent film, tallahassee"
Aristotle and Dante Discover the Secrets of the Universe,7.5,50,0,"based on novel or book, texas, male friendship, lgbt, lgbt teen, mexican american, 1980s, teenage protagonist, based on young adult novel, gay youth, gay theme, boys' love (bl)"
Christmas As Usual,5.844,94,0,"fiancé, based on true story, norway, romance, cultural difference, oslo, norway, christmas, traditional family, change vs tradition, family traditions"
Ride On,7.2,384,36232675,"horse, stuntman, animals, viral video, father daughter relationship, skilled fighter"
The Unlikely Pilgrimage of Harold Fry,6.6,144,0,"marital strife, long walk, life after personal tragedy"
Miguel Wants to Fight,5.909,11,0,coming of age
The Exorcist: Believer,5.8,1203,136284218,"faith, exorcism, possession, sequel, disappearance, death of mother, exorcist, reboot, demonic possession, religious horror, father daughter relationship, awestruck"
Please Don't Destroy: The Treasure of Foggy Mountain,6.1,141,14582,"mountain, forest, childhood friends, buddy comedy, buried treasure, treasure hunter, local legend, nudity"
Secrets on Greek Row,3.5,2,0,"college, whodunit, killer, young adult, lies, mystery"
As Certain as Death,3.167,6,0,"camping, woods, friends, slasher, intervention, camping trip"
Fate/Grand Order - Memorial Movie 2023,6.7,3,0,"based on video game, anime"
How the Gringo Stole Christmas,5.6,21,0,"mexican american, christmas, father daughter relationship"
"Desperate Souls, Dark City and the Legend of Midnight Cowboy",5.8,4,0,"filmmaking, cinema history"
The Pope's Exorcist,6.927,3025,76987621,"spain, rome, italy, pig, vatican (holy see), pope, exorcism, possession, conspiracy, devil, exorcist, skepticism, demonic possession, catholic priest, 1980s, supernatural horror"
Unlocked,7.33,379,0,"based on novel or book, stalker, remake, serial killer, hacking, cell phone, phone, smart phone, father daughter relationship, lost"
Operation Napoleon,6.187,158,0,"airplane, based on novel or book, world war ii, conspiracy, government cover-up"
Magic Mike's Last Dance,6.447,566,52000000,"london, england, sequel, dancehall girl, male stripper, dancefilm, abusive relationship"
The Kennedy Dynasty,7.5,2,0,"irish-american, john f. kennedy, kennedy family, john f. kennedy assassination, usa history, usa politics, irish catholic, american dynasty"
The Killer,6.578,2585,362113,"sniper, new york city, assassin, airport, paris, france, hitman, new orleans, louisiana, dark comedy, client, product placement, sociopath, revenge, murder, fate, lawyer, brutality, based on graphic novel, character study, perfectionist, hired killer, empathy, dominican republic, assassination attempt, cold blooded killer, detached, tampa, florida, satirical, manhunt, international manhunt, precision, gig economy, dark, clinical, psychological, secret, violence, suspenseful, intense, audacious, wry"
SPY x FAMILY CODE: White,7.1,588,59629242,"espionage, spy, slice of life, female assassin, based on manga, family, aftercreditsstinger, shounen, anime"
Thriller 40,8.5,91,0,"pop star, music documentary"
Ukraine: The People's Fight,7.8,7,0,"war in europe, russian invasion of ukraine (2022), ukraine, war, kharkiv (kharkov), ukraine, russo-ukrainian war, afu, ukrainian army"
"Pixies - Olympia, Paris",8.0,1,0,rock concert
Finding Home: Journey to MLB,0.0,0,0,"baseball, sports documentary, chicago cubs, major league baseball (mlb), latin"
Death Is a Problem for the Living,6.5,23,0,"dark comedy, russian roulette, illegal gambling, gambling addiction"
Reba McEntire's The Hammer,6.741,27,0,"small town, judge, cat, nevada, brothel, abusive father, love affair, drugs, brothel madam, suspicious death, father daughter relationship, sister sister relationship, memories, homicide investigation, desert town, attorney, secrets, death of judge, nomadic living"
Disney 100: A Century of Dreams – A Special Edition of 20/20,6.6,11,0,"anniversary, tv special"
Lost in the Sky,8.6,5,0,"galaxy, black hole, robot, astronaut, space adventure, practical special effects"
The Assassin's Apprentice: Silbadores of the Canary Islands,2.0,1,0,short film
Apple Music Live: Burna Boy,3.5,2,0,concert
Lego Disney Princess: The Castle Quest,6.44,50,0,"princess, magic, based on toy, lego, tv special"
Charles: In His Own Words,5.0,2,0,"family history, biography, social documentary, british royal family, british monarchy, famous people, political documentary, social & cultural documentary, history and legacy, documentary, king charles iii"
BURN THE WITCH #0.8,7.2,10,0,"witch, dragon, based on manga, shounen, anime"
The Other Zoey,7.012,465,168000,"snowboarding, mistaken identity, romcom, romance, duringcreditsstinger, teenager, comedy, admiring, adoring"
Invaders from Proxima B,0.0,0,0,"alien, independent film, family comedy"
The Netflix Cup,3.5,2,0,"golf, las vegas, formula one (f1), pga tour"
SpongeBob SquarePants Presents The Tidal Zone,7.048,42,0,"family, kids, animation, admiring"
Miley Cyrus - Endless Summer Vacation (Backyard Sessions),8.3,44,0,"pop music, promotional, semi-biographical, celebrity interview, music documentary, women singer"
All the World Is Sleeping,5.2,10,0,addiction
Dear David,6.192,39,0,"high school, bullying, love, student"
V.P.,0.0,0,0,"pornography, therapist, castration, pornographic video, urban legend, brainwashing, true crime, eye gouging, demonic possession, podcaster, amateur footage, cursed videos, genital mutilation, stabbed to death, haunted video tape, livestream, suicide by gun, youtuber, cursed object"
The Year Between,4.2,10,0,"mental illness, woman director, bipolar disorder, late coming of age, college dropout"
The Fabelmans: A Family in Film,7.045,11,0,"behind the scenes, making of, tv special"
The Burial,7.069,576,0,"based on true story, trial, racial tension, corporate greed, funeral director, funeral home"
Under the Christmas Sky,4.853,17,0,"holiday, christmas"
Moving On,5.807,101,2134280,"funeral, ex husband, widower, hatred, college friends, estranged friend, death of friend, secret"
Doctor Who Children in Need Special 2023,7.2,11,0,"children in need, plunger"
Kenyatta: Do Not Wait Your Turn,10.0,1,0,"philadelphia, pennsylvania, pennsylvania, usa, race politics, love, political campaign, lgbt, campaign finance, black lgbt, black"
Murder at the Country Club,1.5,2,0,"scandal, intrigue, social thriller, social scandal, thriller, drama"
Jozef Bednárik a jeho muzikálový svet,0.0,0,0,"concert, musical"
One Life,7.771,886,51437352,"world war ii, deportation, czechoslovakia, biography, based on true story, refugee train, war hero, nazi invasion, jewish family, kindertransport, jewish refugee, 1930s, semi-biographical, pre-war, jewish history, jews, nazi germany, jews in hiding, dramatic, jewish child, jewish community, empathetic"
Butterfly Tale,7.2,19,0,"mexico, bravery, friends, animals, nature, animal migration, butterflies, animation, insects, adventures, comedy, caterpillar"
Meudon rire de tout - 2ème édition,0.0,0,0,festival
Les Bodin's chez les Belges,6.0,1,0,"bodin's, humorous"
"Atatürk, père de la Turquie moderne",8.0,1,0,"revolution, islam, biography, turkey, archive footage, secularism, 1920s, cult of personality, young turk, women's rights, ottoman empire, 1930s, turkish history"
Karen Carpenter: Starving for Perfection,0.0,0,0,eating disorder
All Fun and Games,5.6,160,165485,"salem, massachusetts, deadly game, cursed object, salem witch"
The Lost Weekend: A Love Story,6.0,2,77145,"portrait of an artist, semi-biographical, observational documentary, poetic documentary, fading memories"
The Ritual Killer,5.79,336,0,"black magic, serial killer"
Making of The Last of Us,6.9,24,0,"behind the scenes, making of"
Manufacturing Death: Birth of the Atom Bomb,8.2,3,0,"atomic bomb, atomic bomb test, nuclear weapons, atomic age, war documentary, historical documentary, atom bomb"
The Roast of Bert Kreischer,5.3,3,0,roast
"L'Olympia, du rêve à la scène",0.0,0,0,"show business, documentary"
Saw X,7.184,2231,125319714,"mexico, mexico city, mexico, sadism, riddle, gore, sequel, con artist, cancer, scam, serial killer, torture, drugs, survival horror, duringcreditsstinger, jigsaw, saw, death game"
File VL-624,6.0,2,0,"paranormal, found footage, raw footage, missing, crime scene investigation, pov"
The Bricklayer,5.803,358,899683,"blackmail, conspiracy, ex-cia agent"
Kill Her Goats,3.0,24,0,"psychopath, goat, murder, serial killer, slasher"
Big George Foreman,7.6,328,3800000,"adultery, sports, 1970s, texas, biography, family, 1980s, 1960s, boxing, inspirational, hopeful"
Global Spyware Scandal: Exposing Pegasus,8.8,4,0,"interview, scandal, high tech surveillance, invasion of privacy, israeli defense force, police surveillance, political scandal, expert opinion, social scandal, internet surveillance, legal scandal, crime documentary, data privacy, fbi surveillance"
The Mummy Resurrection,6.3,65,0,"mummy, doubtful"
The Braid,7.413,247,9235757,"canada, upper class, italy, middle class, breast cancer, debt, hair, poverty, india, wig, woman lawyer, woman director, social class, lower class, dalit, women fighting, women workers"
Trailer of a Film That Will Never Exist: Phony Wars,6.059,17,0,collage film
TAYLOR SWIFT | THE ERAS TOUR,8.198,488,261656269,"musician, live performance, pop music, concert film, singer-songwriter, aftercreditsstinger, duringcreditsstinger"
The Last Queen,6.594,32,0,"algeria, ottoman, maghreb, djazair, barbarians pirates, amazigh culture, algerian queen"
Sun and Concrete,6.982,114,0,"coming of age, teenage boy, teenage rebellion"
A Big Gay Hairy Hit! Where the Bears Are: The Documentary,9.5,2,0,gay bears
You Who Are Lost With the Wind,0.0,0,0,"artist, violinist, crush, east asian lead, temporary blindness, short film, lesbian, girls' love (gl), sapphic, melodrama"
Ballerina,7.002,640,0,"bodyguard, revenge, best friend, wish fulfillment, ballerina, swordswoman, girl biker, loss of a friend"
A Sunday Affair,4.75,12,0,love triangle
What Comes Around,5.7,83,0,cliché
"Woman, Life, Freedom: An Iranian Revolution",8.5,3,0,"interview, insurrection, violence against women, social documentary, found footage, women's issues, social differences, fight for justice, women's rights, women's liberation movement, women's liberation, iranian revolution, social & cultural documentary, women and society, clandestine forces, revolutionary woman, iranian regime, testimony"
Sorority Sisters from Space,1.0,3,0,sorority girls
Anatomy of a Fall,7.542,3035,35634133,"husband wife relationship, winter, bisexuality, moral conflict, autopsy, blind, courtroom, lgbt, death of husband, woman director, moral dilemma, courtroom drama, complex, mother son relationship, introspective, bisexual woman, grenoble, suspenseful, intense, amused, human mystery"
The Girl Who Killed Her Parents: The Confession,6.7,68,0,based on true story
Girl You Know It's True,7.274,113,0,"based on true story, scandal, pop group, 1990s, playback singer, lipsync"
Visiting Linda,0.0,0,0,short film
Lab Leak Liars: How China and Authorities Deceived Us,0.0,0,0,covid-19
The Perfect In-Laws,4.2,4,0,"seduction, stepmother, in-laws, art of seduction, evil stepmother, psycho, double crazy"
The Burning Cold,7.6,15,100772,catalan
After Death,7.1,50,11537680,"suicide, afterlife, faith, psychology, docudrama, death, duringcreditsstinger, christian propaganda, christian faith, independent film, docufiction"
Coming Home Again,6.0,2,0,"diaspora, korean american, mother son relationship"
"Hip-Hop @ 50: Rhythms, Rhymes & Reflections – A Soul of a Nation Presentation",4.0,1,0,"hip-hop, music"
Jeff Panacloc : À la poursuite de Jean-Marc,5.3,33,652968,"ventriloquist, comedy"
65,5.964,2696,60730568,"monster, asteroid, cave, giant monster, prehistory, dinosaur, quicksand, crash landing, alien race, sick child, shipwrecked, man vs nature, father daughter relationship, alien spaceship"
Creed III,7.091,2752,275300000,"husband wife relationship, philadelphia, pennsylvania, sports, deaf, sequel, orphan, former best friend, ex-con, childhood friends, juvenile detention center, boxing, prodigy, intense, assertive, audacious"
"Royally Yours, This Christmas",5.808,13,0,christmas
Dashing Through the Snow,6.135,122,0,"holiday, santa claus, christmas"
Miss Merkel - Ein Uckermark-Krimi,5.4,9,0,angela
Hunger,7.265,457,0,"chef, fine dining, cuisine"
The Secret Gift of Christmas,6.52,26,0,"holiday, christmas, personal shopper, christmas romance"
A Whole Life,7.156,45,0,"mountain man, isolated place, austrian alps"
Aunt Virginia,7.5,11,0,"psychotic, ironic, complex, dramatic, tense, admiring, audacious"
New Life,6.023,132,0,"apocalypse, lethal virus, catastrophe, virus, canadian border, infected, manhunt, als"
Centurion: The Dancing Stallion,4.667,6,0,"rodeo, runaway, horse, cancer, orphan, cowgirl, cowboy, horse trainer, horse training, fired from a job"
The Vourdalak,6.397,68,55009,"fire, based on novel or book, loss of loved one, vampire, horse, forest, dog, biting, candle, death of family, death of son, dead, 18th century, grave digging, loss of son, blood, vourdalak"
NJPW Resurgence 2023,5.5,1,0,"njpw, new japan pro wrestling, njpwstrong"
Jelly Roll: Save Me,8.6,9,0,"hip-hop, country music, rapper, rags to riches, tennessee, drug rehabilitation, nashville, tennessee, juvenile detention center, sobriety, stardom, criminal rehabilitation, incarceration, road to stardom, country"
The Wonderful Story of Henry Sugar,7.24,1250,0,"london, england, card game, casino, based on novel or book, gambling, charity, training, wealth, breaking the fourth wall, calcutta, storytelling, story within the story, 1930s, yogi"
How to Fall in Love by Christmas,6.0,13,0,"holiday, christmas"
Bad Behaviour,4.8,21,0,"former child star, woman director"
The Trace of Your Lips,4.889,9,0,"lgbt, pandemic, gay theme"
Erecting A Monster 2: Bride Of The Monster,0.0,0,0,"witch, erection, monster, circumcision, rabbi, potion, killer, incubus, erectile dysfunction"
There's Still Tomorrow,8.087,1464,50121593,"woman director, female empowerment, 1940s, abusive husband, women empowerment, historical comedy, pastiche, post-war italy"
The Holiday Proposal Plan,4.9,9,0,"holiday, christmas"
The Giza Pyramids: Reaching for the Stars,7.0,3,0,"scientific study, interview, archaeologist, cosmology, egyptian mythology, egyptology, field research, egyptologist, giza, architecture history, egyptian tomb, great pyramid, observational documentary, research group, egyptian history, archaeology, sacred architecture, pyramids, historical documentary, scientific theory, archaeoastronomy"
Soulmate,7.9,84,2471778,"friendship, soulmates, difficult childhood, female friendship, romance, remake, childhood friends, aspiring artist, estranged mother, korean, best friends"
Doraemon the Movie: Nobita's Sky Utopia,7.2,41,37475850,"anime, lighthearted"
Teen Wolf: The Movie,7.493,916,0,"sequel, werewolf, supernatural creature, based on movie, banshee, northern california, based on tv series"
Apple Music Live: Ed Sheeran,3.8,6,0,concert
Another Day to Live Through,4.667,4,0,"cabin, psychological thriller, mental illness, finland, abduction, crowdfunded film"
Steve Hackett – Foxtrot at Fifty + Hackett Highlights: Live in Brighton,7.0,1,0,"genesis, brighton, england, concert film, progressive rock, music documentary"
"Are You There God? It's Me, Margaret.",7.166,469,21800000,"puberty, adolescence, new jersey, based on novel or book, christianity, 1970s, female friendship, coming of age, religion, insecurity, woman director, speculative, mother daughter relationship, grandmother granddaughter relationship, jewish, stay-at-home mom, cheerful, joyful"
Chasing Greatness: Coach K x LeBron,2.0,1,0,"sports, interview, basketball, professional sports, basketball player, basketball coach, professional athlete"
First Lady of BMF: The Tonesa Welch Story,10.0,3,0,"drug dealer, based on true story, detroit, michigan"
Influencer,6.2,300,0,"island, thailand, fake identity, female protagonist, stolen identity, social media influencer"
Rock Dog 3: Battle the Beat,6.103,29,913842,"rock 'n' roll, competition, computer animation, dog, mastiff, music"
A Catholic Schoolgirl,0.0,0,0,"coming of age, catholicism, female sexuality, filipino, youth"
Joysad en concert aux Vieilles Charrues 2023,9.0,1,0,concert
The Last Spark of Hope,5.7,41,0,"post-apocalyptic future, loneliness, robots, amused"
Junkyard Dog,6.901,373,0,"friendship, male friendship, relationship problems, growing up, dog, boyfriend girlfriend relationship, haunted by the past, troubled past, ghosts of the past, confronting the past, changing the past or future, dysfunctional relationship, male male relationship, hopeful"
Darkland: The Return,6.43,585,0,vigilante
Ingeborg Bachmann – Journey into the Desert,6.633,15,0,biography
Desperation Road,6.692,146,0,"small town, based on novel or book, cop, ex-con, mississippi"
South Park: Joining the Panderverse,7.619,252,0,"artificial intelligence (a.i.), satire, social satire, adult animation, political satire, class struggle, gender swap, alternate universe, diversity, wealth inequality"
STILL: A Michael J. Fox Movie,7.773,207,0,"based on novel or book, archive footage, hollywood star, parkinson's disease, celebrity interview, life and career, documentary, testimony, medical condition, famous actor, biographical documentary"
Concrete Utopia,6.937,269,28900000,"dystopia, post-apocalyptic future, based on comic, survival, apocalypse, apartment building, apartment, based on webcomic or webtoon, seoul, south korea"
It Ain't Over,7.1,12,705161,"baseball, baseball player, sports documentary, new york yankees"
Salaar: Part 1 - Ceasefire,6.745,100,87229100,"drama, action, salaar"
The Metropolitan Opera: The Magic Flute,0.0,0,0,"musical, romcom, filmed opera, the metropolitan opera, filmed theater"
Merci Zaza - La folle histoire de la Cage aux Folles,9.5,2,0,"paris, france, behind the scenes, male homosexuality, making of, theatre audience, theatre history, adult theatre, history of mankind, public theatre, homosexuality, history and legacy, theatre performance"
A Million Days,4.3,23,0,"artificial intelligence (a.i.), space mission, astronaut, prediction, scientific expedition"
Una preghiera per Giuda,2.3,3,0,"family relationships, sicilian mafia, weapons"
The Heist Before Christmas,5.4,11,0,christmas
My Family Essay,9.0,2,0,"beach, surf, father figure, life lessons, essay, surfing lessons, narrator"
Die Hart,5.923,487,0,"martial arts, parody, explosion, film within a film, witty"
Confessions of a Good Samaritan,0.0,0,0,"organ donation, altruism"
Silvestr – pořád nás to baví,0.0,0,0,"new year's eve, archive footage"
Candle in the Tomb: The Worm Valley,6.9,30,0,"monster, tomb raider"
Beautiful Disaster,6.645,868,6850036,"based on novel or book, bare knuckle boxing, underground fighting, young adult, based on young adult novel, independent film, provocative, romantic drama, pugilistic, romantic, amused"
Joan Baez: I Am a Noise,6.531,16,630000,"musician, civil rights, biography, tragic love, political activist, singer-songwriter, folk, music tour, activist, personal crisis, portrait of an artist, celebrity interview, personal stories, female singers, traumatized woman, personal journey, repressed trauma, personal relationships, life and career, civil rights activist, female musician, women's rights activist, trauma and healing, biographical documentary"
The Swan Princess: Far Longer Than Forever,5.0,14,0,"princess, family issues"
Peter Pan & Wendy,5.44,739,0,"island, magic, immortality, fairy tale, crocodile, fairy, pirate, based on children's book, fantasy world, giant crocodile, crocodile attack, live action remake"
Wingwomen,6.104,487,0,"female friendship, heist, art thief, based on graphic novel, duringcreditsstinger, woman director"
"The Source of a River, a Night Stream",2.0,1,0,"family, slow cinema, religion and spirituality"
Family Switch,6.401,740,0,"based on novel or book, holiday, christmas party, bullying, dysfunctional family, body-swap, family conflict, teenage romance, swedish family, family comedy, nuclear family"
Temple of Film: 100 Years of the Egyptian Theatre,6.196,23,0,"restoration, movie theater"
Homicide Hunter: The Man with No Face,5.2,5,0,"detective, interview, murder, rape and murder, interrogation, reenactment, murder investigation, dna testing, murder suspect, 1980s, cold case, homicide investigation"
Eerste Hulp Bij Kerst,5.5,4,0,christmas
Nowhere,7.34,1495,0,"lost at sea, survival at sea, absurd, awestruck, distressing, tragic"
Kali Uchis: Live at Lollapalooza Brasil 2023,10.0,1,0,"stage performance, show"
The Best Dumplings in Melbourne,0.0,0,0,"australia, kung fu, fast food restaurant, melbourne, australia, food, food critic, chinese food, asian woman, chinese american, south asian, food intoxication, australian new wave, food vendor, food & drink, local food, comedy of situation, global food, slow food, asian, chinese cooking, food porn, gourmet food, chinese australian, adventure comedy, chinese cuisine, food culture, authentic food, asian australian, dumplings, adventure, australiana, sri lankan australian"
Landscape with Invisible Hand,5.922,102,203403,"based on novel or book, love, alien invasion"
Une nuit avec Laura Domenge,6.0,1,0,"one-woman show, humorous"
The Holiday Dating Guide,5.5,10,0,"holiday, christmas"
Just for Laughs: The Gala Specials - Chelsea Handler,1.0,1,0,stand-up comedy
The Wrath of Becky,6.35,422,207118,"diner, machete, gore, sequel, revenge, murder, terrorism, dog, blood"
Rascal Does Not Dream of a Knapsack Kid,7.7,64,2050242,"based on novel or book, supernatural, sequel, romance, shocking, anime, japanese high school, based on light novel"
Stato di Grazia,0.0,0,0,"justice, docufiction, stato di grazia, ambrogio crespi, giustizia, luca telese, docufilm, lorenzo flhaerty"
A World Record Christmas,6.7,13,0,"autism, christmas"
The Darkness – Permission to Land... Again,0.0,0,0,"rock music, concert film, rock concert, knebworth, live concert"
Finders 2: Pharaoh's Ring,2.0,1,0,"friendship, based on novel or book, children's adventure"
Last Call for Istanbul,6.275,131,0,"new york city, chance meeting"
Invitation to a Murder,5.5,134,0,"murder mystery, 1930s"
The Day I've Been Fucked in Front of the Entire World,0.0,0,0,"lgbt, gay pornography, gay theme"
Deep Fear,5.286,208,0,shark
Cynthia Erivo & Friends: A New Year's Eve Celebration,10.0,1,0,"new year's eve, celebration, new year, tv special"
Titanic: Stories from the Heart,7.0,3,0,"titanic, 1990s, documentary"
Love Live! Nijigasaki High School Idol Club: Next Sky,7.0,5,0,"slice of life, school, anime, original video animation (ova), idol"
Johnny Depp: The Love of the Bizarre,5.7,10,0,"biography, usa cinema"
Aliens Abducted My Parents and Now I Feel Kinda Left Out,5.545,22,0,alien abduction
JUNG_E,6.119,647,0,"future, artificial intelligence (a.i.), clone, dystopia, mercenary, robot, 22nd century, war"
Christmas with The Chosen: Holy Night,7.0,4,0,"christmas music, religious film, christmas, christian faith, the chosen, music program"
Metalocalypse: Army of the Doomstar,6.611,62,0,"apocalypse, adult animation, based on tv series, music, rock-and-roll"
Princess Principal: Crown Handler - Chapter 3,6.667,6,0,"steampunk, anime"
Matter of Mind: My ALS,0.0,0,0,als
Dolly Parton Rockstar Global First Listen Event,0.0,0,0,"rock music, concert film, album, collaboration, dolly parton"
Sixty Egyptian Pounds,0.0,0,0,"short film, amr salama"
The saga of princely marriages,8.0,1,0,"wedding reception, marriage, wedding party, wedding, wedding ceremony, wedding dress, crown prince, royal wedding, marriage broker, wedding plans, marriage counseling, rich family, famous people, social & cultural documentary, wedding venues, wedding rites, japanese culture, wedding preparations"
Stock Aitken Waterman: Legends of Pop,7.0,1,0,"pop music, music production, 1980s"
The Naughty Nine,6.331,78,0,"santa claus, heist, north pole, christmas, family comedy, naughty kids"
Coupled Up for Christmas,7.117,30,0,"holiday, christmas"
The Three Investigators and The Legacy of the Dragon,6.256,41,11300000,"transylvania, castle, brotherhood, movie set, young detective"
The Man Who Stole Einstein's Brain,0.0,0,0,"true crime, archive footage, science"
Giving Birth to a Butterfly,4.0,2,0,surrealism
Todd Barry: Domestic Shorthair,8.0,1,0,"stand-up comedy, deadpan, deadpan comedy, stand-up comedian"
Les Derniers Secrets de l'humanité,7.25,4,0,"human evolution, human vs nature, human animal relationship, prehistory, social documentary, human behavior, prehistoric man, humankind, documentary, human history, the force of nature humanity, historical documentary"
How We Made Free Skate,0.0,0,0,making of
Reinventing Elvis: The 68' Comeback,6.5,9,0,"live television, live concert"
Hitler's Putsch: The Birth of the Nazi Party,0.0,0,0,"munich, germany, adolf hitler, german history, putsch"
Marvel Studios Assembled: The Making of the Guardians of the Galaxy Vol. 3,6.438,16,0,"behind the scenes, making of, marvel cinematic universe (mcu)"
Death Whisperer,7.5,209,15150000,"exorcism, frightened"
Robot Dreams,7.998,729,4656348,"friendship, based on comic, bromance, summer, robot, silent film, adult animation"
You Can Live Forever,6.729,120,15055,"love, lgbt, jehovah's witness, homosexuality"
Radical,8.356,482,21761164,"usa–mexico border, border town, teachers and students, inspirational"
The Plot to Kill My Mother,5.7,10,0,based on true story
"U-96, The True Story of 'Das Boot'",6.3,3,0,"submarine, world war ii, filmmaking, documentary filmmaking"
Mantra Warrior: The Legend of The Eight Moons,7.4,80,0,"hero, moon, armor, superhero, villain, ramayana, warrior, supervillain, war, 3d animation"
Tayuan,5.538,13,0,softcore
Por la gloria de sus padres,0.0,0,0,"camino de santiago, gonzalo mozas"
Adipurush,4.676,102,54300000,"ramayana, based on myths, legends or folklore, cgi-live action hybrid"
Under the Boardwalk,7.3,103,0,"musical, hermit crab"
ayumi hamasaki COUNTDOWN LIVE 2023-2024 A ~A COMPLETE 25~,0.0,0,0,"new year's eve, jpop"
"Paris 2024, le concert-événement",9.0,1,0,concert
Smugglers,6.585,65,0,"1970s, smugglers, smuggling, haenyeo"
The Books He Didn't Burn,8.3,3,0,"world war ii, war trauma, adolf hitler, historical war"
Cyberworld - The future is now,7.5,2,0,"artificial intelligence (a.i.), cyberspace, social documentary, social media, life changing, information technology, cybercrime, social change, big data, people change, cultural change, cyber criminal, cybersurveillance, ia"
The Problem of the Hero,10.0,1,0,"chicago, illinois, based on true story, racism, writer, broadway theatre, 1940s, native son, chapel hill, north carolina"
Marui Video,6.0,24,0,"reporter, found footage, surveillance footage, crime investigation, video cassette"
